{
  "english": {
    "success": 4,
    "total": 4,
    "perplexities": [
      28.38915252685547,
      76.27420806884766,
      41.92533874511719,
      22.590579986572266
    ]
  },
  "hindi": {
    "success": 4,
    "total": 4,
    "perplexities": [
      41.78188705444336,
      50.64933395385742,
      30.85707664489746,
      78.9692153930664
    ]
  },
  "punjabi": {
    "success": 4,
    "total": 4,
    "perplexities": [
      63.41434860229492,
      63.412109375,
      53.101295471191406,
      73.76460266113281
    ]
  },
  "mixed": {
    "success": 2,
    "total": 2,
    "perplexities": [
      119.7527847290039,
      69.78828430175781
    ]
  },
  "overall_accuracy": 100.0
}